Use Case ID/Name,Agency,Topic Area,Shipment_Weight,Delivery_Zone
1,Agency_1,Topic_1,151,North
2,Agency_2,Topic_2,435,North
3,Agency_3,Topic_3,808,East
4,Agency_4,Topic_4,974,South
5,Agency_5,Topic_5,604,West
6,Agency_6,Topic_6,222,South
7,Agency_7,Topic_7,23,South
8,Agency_8,Topic_0,109,North
9,Agency_9,Topic_1,614,North
10,Agency_0,Topic_2,280,North
11,Agency_1,Topic_3,119,North
12,Agency_2,Topic_4,307,East
13,Agency_3,Topic_5,689,South
14,Agency_4,Topic_6,668,South
15,Agency_5,Topic_7,67,West
16,Agency_6,Topic_0,177,North
17,Agency_7,Topic_1,13,North
18,Agency_8,Topic_2,725,West
19,Agency_9,Topic_3,728,East
20,Agency_0,Topic_4,819,East
21,Agency_1,Topic_5,711,East
22,Agency_2,Topic_6,801,North
23,Agency_3,Topic_7,346,South
24,Agency_4,Topic_0,155,East
25,Agency_5,Topic_1,606,South
26,Agency_6,Topic_2,612,East
27,Agency_7,Topic_3,96,South
28,Agency_8,Topic_4,455,West
29,Agency_9,Topic_5,669,North
30,Agency_0,Topic_6,438,West
31,Agency_1,Topic_7,458,West
32,Agency_2,Topic_0,207,North
33,Agency_3,Topic_1,154,North
34,Agency_4,Topic_2,688,East
35,Agency_5,Topic_3,215,South
36,Agency_6,Topic_4,481,East
37,Agency_7,Topic_5,334,North
38,Agency_8,Topic_6,721,East
39,Agency_9,Topic_7,428,East
40,Agency_0,Topic_0,75,East
41,Agency_1,Topic_1,82,South
42,Agency_2,Topic_2,273,East
43,Agency_3,Topic_3,939,East
44,Agency_4,Topic_4,724,North
45,Agency_5,Topic_5,203,South
46,Agency_6,Topic_6,614,North
47,Agency_7,Topic_7,293,North
48,Agency_8,Topic_0,796,North
49,Agency_9,Topic_1,332,North
50,Agency_0,Topic_2,584,North
51,Agency_1,Topic_3,957,West
52,Agency_2,Topic_4,374,West
53,Agency_3,Topic_5,275,East
54,Agency_4,Topic_6,691,North
55,Agency_5,Topic_7,405,South
56,Agency_6,Topic_0,67,North
57,Agency_7,Topic_1,597,West
58,Agency_8,Topic_2,873,South
59,Agency_9,Topic_3,153,North
60,Agency_0,Topic_4,86,South
61,Agency_1,Topic_5,829,South
62,Agency_2,Topic_6,398,East
63,Agency_3,Topic_7,757,South
64,Agency_4,Topic_0,765,South
65,Agency_5,Topic_1,567,North
66,Agency_6,Topic_2,919,South
67,Agency_7,Topic_3,847,West
68,Agency_8,Topic_4,104,South
69,Agency_9,Topic_5,595,North
70,Agency_0,Topic_6,192,East
71,Agency_1,Topic_7,331,East
72,Agency_2,Topic_0,858,North
73,Agency_3,Topic_1,669,North
74,Agency_4,Topic_2,331,North
75,Agency_5,Topic_3,823,North
76,Agency_6,Topic_4,273,East
77,Agency_7,Topic_5,417,South
78,Agency_8,Topic_6,249,North
79,Agency_9,Topic_7,70,North
80,Agency_0,Topic_0,522,East
81,Agency_1,Topic_1,187,East
82,Agency_2,Topic_2,620,South
83,Agency_3,Topic_3,597,North
84,Agency_4,Topic_4,892,North
85,Agency_5,Topic_5,177,South
86,Agency_6,Topic_6,360,South
87,Agency_7,Topic_7,304,West
88,Agency_8,Topic_0,406,East
89,Agency_9,Topic_1,792,North
90,Agency_0,Topic_2,569,West
91,Agency_1,Topic_3,653,South
92,Agency_2,Topic_4,928,North
93,Agency_3,Topic_5,626,East
94,Agency_4,Topic_6,736,North
95,Agency_5,Topic_7,600,South
96,Agency_6,Topic_0,312,North
97,Agency_7,Topic_1,658,East
98,Agency_8,Topic_2,967,East
99,Agency_9,Topic_3,48,South
100,Agency_0,Topic_4,314,East
